source	destination	sha256	bytes
/private/tmp/nbfx-apply-vat-softbody.py	vat/nbfx-apply-vat-softbody.py	f6c747c18d51a767ae154f11ed7fea1f27bc56e978418c0036bc200a059e92e6	19048
/private/tmp/nbfx-vat-customlocal-flipbook-plan.txt	vat/nbfx-vat-customlocal-flipbook-plan.txt	f37d89fd351a685c83f8f872de62b557cbfedeebc784c208818ac4906e69a16f	9636
/private/tmp/nbfx-vat-consumer-audit.txt	vat/nbfx-vat-consumer-audit.txt	b461d022506a5a305da0e8eba1c015f26675f70b4b37297a0e8bdc38d8b8e5a7	4517
/private/tmp/nbfx-vat-v0-verification-slices.txt	vat/nbfx-vat-v0-verification-slices.txt	16201e29e8aee1eec67a84ac5cef74aba7ce255dd9940d03007457364486ae2d	3235
/private/tmp/nbfx-vat-preview-run-fg.log	vat/nbfx-vat-preview-run-fg.log	445acd39d7c808f698c5cab64e4229ea4655b57916d219d95043b0afdfb880fd	3012
/private/tmp/nbfx-vat-softbody-preview/HoudiniVAT.hlsl	vat/preview/HoudiniVAT.hlsl	4fc76acc3244ac9d0a60617bdb53c28424e2affc9339380c247922c5317f740e	21211
/private/tmp/nbfx-vat-softbody-preview/HoudiniVATMathV1.hlsl	vat/preview/HoudiniVATMathV1.hlsl	fd82161dace62fa57b7471627451a482c3a3501b59ab90bb8a5f80c82a0735ce	2469
/private/tmp/nbfx-vat-softbody-preview/HoudiniVATMathV1.hlsl.meta	vat/preview/HoudiniVATMathV1.hlsl.meta	0ba61ffee6676c6dd005ddcfbf8b2c884f046a8ded33ea37697979dd3ecc9313	161
/private/tmp/nbfx-vat-softbody-preview/NBGraphUnlitSubTarget.cs	vat/preview/NBGraphUnlitSubTarget.cs	0f5c78ea58b53c973507418da53176bb22ae7d0c6468e2932122a519448c9c67	12042
/private/tmp/nbfx-vat-softbody-preview/NBGraphVATSoftBody.hlsl	vat/preview/NBGraphVATSoftBody.hlsl	466db071031f363eed3f98113a5e133938e175470025b83f3028c59753197509	3555
/private/tmp/nbfx-vat-softbody-preview/NBGraphVATSoftBody.hlsl.meta	vat/preview/NBGraphVATSoftBody.hlsl.meta	a89094a7aa8e1ccbdbfff7ee0640331f86188dfadd0cf44c3c4a4644caab96ca	161
/private/tmp/nbfx-vat-softbody-preview/NBShaderGraph.shadergraph	vat/preview/NBShaderGraph.shadergraph	f00fa285cc3aea6907a46895d8d3b2dc7948580818f1be87fa0ee286c6871ad1	892063
/private/tmp/nbfx-vat-softbody-preview/manifest.json	vat/preview/manifest.json	445acd39d7c808f698c5cab64e4229ea4655b57916d219d95043b0afdfb880fd	3012
/Users/bytedance/UnityProject/NBUnityProject/Packages/NB_FX/Tests/URP/Editor/G4GraphVATTests.cs	vat/tests/G4GraphVATTests.cs	86823222bf6ba1ad98b6f8e442836f1044ba88ffd5f2ee9e24f7f6d761bd146f	25511
/Users/bytedance/UnityProject/NBUnityProject/Packages/NB_FX/Tests/URP/Editor/G4GraphVATTests.cs.meta	vat/tests/G4GraphVATTests.cs.meta	69ef3d33e992f0a04646c978b597ff3e9b9ffcc0441a457d2367bad15419fc13	243
/private/tmp/nbfx-apply-flipbook.py	flipbook/nbfx-apply-flipbook.py	1da610efc1c208e98835d211fadecfa8fccca7e1c68b8f9476e4016781b0f5cd	18390
/private/tmp/nbfx-flipbook-f0-plan.txt	flipbook/nbfx-flipbook-f0-plan.txt	bf36321375d87ac725cbd179054b8931aafeef2c626debc5dea38ad9de278a78	9501
/private/tmp/nbfx-flipbook-run.log	flipbook/nbfx-flipbook-run.log	64a433368cf0e53bca75c20a42d111716ca57c18769918f0e8bf93551f561a57	3354
/private/tmp/nbfx-flipbook-preview/AnimationSheetHelper.cs	flipbook/preview/AnimationSheetHelper.cs	ff1f2f3329ff195cee11570306e1b284c6d3183b6230904d075931c96c948109	12344
/private/tmp/nbfx-flipbook-preview/NBGraphBaseColor.hlsl	flipbook/preview/NBGraphBaseColor.hlsl	9ba3d6321ac3261c920f1bcb6e1b59189ab67e5f25fc677d300b8e1a86385b3c	80027
/private/tmp/nbfx-flipbook-preview/NBGraphBaseUV.hlsl	flipbook/preview/NBGraphBaseUV.hlsl	664cb017d69663362a1aa24aeae1f03d1853bda43fd57a408501a580abe749fc	10620
/private/tmp/nbfx-flipbook-preview/NBShaderForwardPass.hlsl	flipbook/preview/NBShaderForwardPass.hlsl	accba0c0a81e7545615f660580369accf486ca03318d7f3f2128fcb7221e9413	51885
/private/tmp/nbfx-flipbook-preview/NBShaderGraph.shadergraph	flipbook/preview/NBShaderGraph.shadergraph	95049f0c77cd05d717ab922a2cb3f2b239804380f0c8c6f0dd72d6f1bb070717	827202
/private/tmp/nbfx-flipbook-preview/NBShaderInput.hlsl	flipbook/preview/NBShaderInput.hlsl	7877b4846b0715b4bf231a8f312f3d665586b8cce395f95294ee049e1fea735a	51666
/private/tmp/nbfx-flipbook-preview/NBShaderSharedContractV1.hlsl	flipbook/preview/NBShaderSharedContractV1.hlsl	b06e62db11165d7e053a4395a1fb7df5c7bce69be1a71332ecc8ab0b4ac22640	2964
/private/tmp/nbfx-flipbook-preview/NBShaderUVV1.hlsl	flipbook/preview/NBShaderUVV1.hlsl	8beb3f81f7058bf148f17897bcc8ef0d671d372780319932a93a68543677c43b	7416
/private/tmp/nbfx-flipbook-preview/manifest.json	flipbook/preview/manifest.json	d5dec22283da66f72d0440b705db2ff553798a06bcdd680344ad5f6627e233bd	3777
/Users/bytedance/UnityProject/NBUnityProject/Packages/NB_FX/Tests/URP/Editor/G4GraphFlipbookTests.cs	flipbook/tests/G4GraphFlipbookTests.cs	ea79bbfbfdd972d4f9f59513fc472eefa6f6115268b0d4bafdfe781f7429dae7	25450
/Users/bytedance/UnityProject/NBUnityProject/Packages/NB_FX/Tests/URP/Editor/G4GraphFlipbookTests.cs.meta	flipbook/tests/G4GraphFlipbookTests.cs.meta	8d09b36109bc3d43fc68912b0ef431c89e54e60b297a4d740f88265950120fa7	243
/private/tmp/nbfx-gui1b-design/GUI1B-GUI2-plan.txt	gui1b/design/GUI1B-GUI2-plan.txt	a65682f8edc284152d5c1a31cd0abc123dee0b3478eaaacf981b494b7f007fc1	22860
/private/tmp/nbfx-gui1b-design/build-preview.py	gui1b/design/build-preview.py	417b43b8df5a89bc619206483f2079c21d5024e2bcdcb34609fc47426e3ec13f	9407
/private/tmp/nbfx-gui1b-design/build-tier-input-preview.py	gui1b/design/build-tier-input-preview.py	935f6ce903c7f24b7582f10581b9378a82cf09ae3a9272e0db2a2e021605fccc	6061
/private/tmp/nbfx-gui1b-design/compile-preview.py	gui1b/design/compile-preview.py	dd5be33ef42ab42ba8db88009ca1e8402d2f2783e1e6aad5498b0c28932df4b5	1225
/private/tmp/nbfx-gui1b-design/delivery-hashes.json	gui1b/design/delivery-hashes.json	f44ac10611f4b3d625d32d8c8942ee031586989cfb72aeb74fe016d30b484d72	1019
/private/tmp/nbfx-gui1b-delivery.txt	gui1b/nbfx-gui1b-delivery.txt	5052844b49a548dc29b69335ac90ac0f14898e28f97cd1298c076d726015f014	3232
/private/tmp/nbfx-gui1b-test-offline.log	gui1b/nbfx-gui1b-test-offline.log	f1de4a6a82e5c7200fe5d3d61f707cd661b761a6cb9a8d8aea66698f87fe4f08	1460
/private/tmp/nbfx-gui1b-offline-compile-final.stdout	gui1b/nbfx-gui1b-offline-compile-final.stdout	87b9081186cae50d573a2d79f64025155e74de59a59709564c45562f350c0a75	36
/private/tmp/nbfx-gui1b-root-preview-20261001.log	gui1b/nbfx-gui1b-root-preview-20261001.log	b251f360fba1c0546cbc436e667c6e80913ecbe7a351453ac0eb93f7e3f00378	9637
/private/tmp/nbfx-gui1b-root-preview-20261001/NBShaders2/Editor/ShaderGUIItems/NBShaderSyncService.cs	gui1b/root-preview/NBShaders2/Editor/ShaderGUIItems/NBShaderSyncService.cs	f3610d796f452c53e95edb80bb476db928584d45e865bf4af6603cda8b08951d	47500
/private/tmp/nbfx-gui1b-root-preview-20261001/NBShaders2/ShaderGraph/NBShaderGraph.shadergraph	gui1b/root-preview/NBShaders2/ShaderGraph/NBShaderGraph.shadergraph	c6ab58b7af69bcd4fe6d4383516d41589695c37fc4de3a1fc9402c7858ea3a5b	845372
/private/tmp/nbfx-gui1b-root-preview-20261001/diffs/NBShaders2__Editor__ShaderGUIItems__NBShaderSyncService.cs.diff	gui1b/root-preview/diffs/NBShaders2__Editor__ShaderGUIItems__NBShaderSyncService.cs.diff	70d51b9d228ae085c7d369b56f61f942fde58f8467f5364177546130fdc8c5c1	4545
/private/tmp/nbfx-gui1b-root-preview-20261001/diffs/NBShaders2__ShaderGraph__NBShaderGraph.shadergraph.diff	gui1b/root-preview/diffs/NBShaders2__ShaderGraph__NBShaderGraph.shadergraph.diff	f651b271a280828cc48a94e127a1959e66fce80ef0c8c9882bcf620655b1c1c5	36096
/private/tmp/nbfx-gui1b-root-preview-20261001/source-manifest.json	gui1b/root-preview/source-manifest.json	b251f360fba1c0546cbc436e667c6e80913ecbe7a351453ac0eb93f7e3f00378	9637
/private/tmp/nbfx-gui1b-preview-latest/NBShaders2/Editor/ShaderGUIItems/NBShaderSyncService.cs	gui1b/latest-preview/NBShaders2/Editor/ShaderGUIItems/NBShaderSyncService.cs	f3610d796f452c53e95edb80bb476db928584d45e865bf4af6603cda8b08951d	47500
/private/tmp/nbfx-gui1b-preview-latest/NBShaders2/ShaderGraph/NBShaderGraph.shadergraph	gui1b/latest-preview/NBShaders2/ShaderGraph/NBShaderGraph.shadergraph	c6ab58b7af69bcd4fe6d4383516d41589695c37fc4de3a1fc9402c7858ea3a5b	845372
/private/tmp/nbfx-gui1b-preview-latest/diffs/NBShaders2__Editor__ShaderGUIItems__NBShaderSyncService.cs.diff	gui1b/latest-preview/diffs/NBShaders2__Editor__ShaderGUIItems__NBShaderSyncService.cs.diff	abc537f9ae7320fa8e612659068b64179e44370d93386edf4fb97c4c44edb662	4538
/private/tmp/nbfx-gui1b-preview-latest/diffs/NBShaders2__ShaderGraph__NBShaderGraph.shadergraph.diff	gui1b/latest-preview/diffs/NBShaders2__ShaderGraph__NBShaderGraph.shadergraph.diff	102b2c249551eb72bc33609ca9b7abc7784211a254894c71a8b6f6e0907a98db	36089
/private/tmp/nbfx-gui1b-preview-latest/source-manifest.json	gui1b/latest-preview/source-manifest.json	23cc9299d7d11bcbd19cd09eb318142f816ec54f93a0126196c6c902263f10cb	9623
/Users/bytedance/UnityProject/NBUnityProject/Packages/NB_FX/Tests/URP/Editor/G4GraphGuiFeatureIntentTests.cs	gui1b/tests/G4GraphGuiFeatureIntentTests.cs	3cf5d82c25cbc895568d04595905bad602aa6418c85069d7c39bd0c4e963bb20	33725
/Users/bytedance/UnityProject/NBUnityProject/Packages/NB_FX/Tests/URP/Editor/G4GraphGuiFeatureIntentTests.cs.meta	gui1b/tests/G4GraphGuiFeatureIntentTests.cs.meta	95f5c630b669c4bfd028e1cd031bb9d2f23068c8a04ea22df94cf3858b653682	60
/private/tmp/nbfx-gui2-input-preview-handoff/NBShaders2/ShaderGraph/NBGraphBaseColor.hlsl	gui2-two-input-design/preview/NBShaders2/ShaderGraph/NBGraphBaseColor.hlsl	9d20cd552af3bd0e4059217cabc1181383ab844059fe5fe1745138bd9ff31471	79806
/private/tmp/nbfx-gui2-input-preview-handoff/NBShaders2/ShaderGraph/NBShaderGraph.shadergraph	gui2-two-input-design/preview/NBShaders2/ShaderGraph/NBShaderGraph.shadergraph	286ef5bd93d53225b42dabb4ecc0919e20715b3ad4fa6efcae69946252e7895d	817554
/private/tmp/nbfx-gui2-input-preview-handoff/diffs/NBShaders2__ShaderGraph__NBGraphBaseColor.hlsl.diff	gui2-two-input-design/preview/diffs/NBShaders2__ShaderGraph__NBGraphBaseColor.hlsl.diff	d2c5242ca69a5295a8777931240a73cf101448befd1142c40facd462f020d5cd	1792
/private/tmp/nbfx-gui2-input-preview-handoff/diffs/NBShaders2__ShaderGraph__NBShaderGraph.shadergraph.diff	gui2-two-input-design/preview/diffs/NBShaders2__ShaderGraph__NBShaderGraph.shadergraph.diff	55750b860d7310ee5bf0debc4954241e45ae983520de373e71b0d1543aec571d	7745
/private/tmp/nbfx-gui2-input-preview-handoff/source-manifest.json	gui2-two-input-design/preview/source-manifest.json	c3fe0f2776c26726edabbd7e4c17531d9f99038530a75a0678f35cb3d19a2844	1590
/private/tmp/nbfx-gui2-input-preview-handoff.log	gui2-two-input-design/nbfx-gui2-input-preview-handoff.log	c3fe0f2776c26726edabbd7e4c17531d9f99038530a75a0678f35cb3d19a2844	1590
