scenario	status	first-result-line
main-baseline	FAIL	MatCap projection=0, blend=0, opacity=1, firstDifference=(50,46) current=RGBA(140, 160, 165, 255) frozen=RGBA(139, 160, 165, 255), repeatCrossDifference=1, currentSelfDifference=0, frozenSelfDifference=0
main-cold	FAIL	MatCap projection=0, blend=0, opacity=1, firstDifference=(50,46) current=RGBA(140, 160, 165, 255) frozen=RGBA(139, 160, 165, 255), repeatCrossDifference=1, currentSelfDifference=0, frozenSelfDifference=0
main-empty-test	PASS
main-test-VfxOnly	FAIL	MatCap projection=0, blend=0, opacity=1, firstDifference=(50,46) current=RGBA(140, 160, 165, 255) frozen=RGBA(139, 160, 165, 255), repeatCrossDifference=1, currentSelfDifference=0, frozenSelfDifference=0
main-test-OldOnly	PASS
main-test-Both	PASS
direct-vfx-on	FAIL	AssertionException: MatCap projection=0, blend=0, opacity=1, firstDifference=(50,46) current=RGBA(140, 160, 165, 255) frozen=RGBA(139, 160, 165, 255), repeatCrossDifference=1, currentSelfDifference=0, frozenSelfDifference=0
direct-vfx-off	PASS	MatCap direct strict pass
cameramask-test	PASS	MatCap direct strict pass
stage2-vfx-test	FAIL	AssertionException: MatCap projection=0, blend=0, opacity=1, firstDifference=(50,46) current=RGBA(140, 160, 165, 255) frozen=RGBA(139, 160, 165, 255), repeatCrossDifference=1, currentSelfDifference=0, frozenSelfDifference=0
root0-test	FAIL	AssertionException: MatCap projection=0, blend=0, opacity=1, firstDifference=(50,46) current=RGBA(140, 160, 165, 255) frozen=RGBA(139, 160, 165, 255), repeatCrossDifference=1, currentSelfDifference=0, frozenSelfDifference=0
root1-test	FAIL	AssertionException: MatCap projection=0, blend=0, opacity=1, firstDifference=(50,46) current=RGBA(140, 160, 165, 255) frozen=RGBA(139, 160, 165, 255), repeatCrossDifference=1, currentSelfDifference=0, frozenSelfDifference=0
root2-test	FAIL	AssertionException: MatCap projection=0, blend=0, opacity=1, firstDifference=(50,46) current=RGBA(140, 160, 165, 255) frozen=RGBA(139, 160, 165, 255), repeatCrossDifference=1, currentSelfDifference=0, frozenSelfDifference=0
root4-test	FAIL	AssertionException: MatCap projection=0, blend=0, opacity=1, firstDifference=(50,46) current=RGBA(140, 160, 165, 255) frozen=RGBA(139, 160, 165, 255), repeatCrossDifference=1, currentSelfDifference=0, frozenSelfDifference=0
root5-test	PASS	MatCap direct strict pass
root6-test	PASS	MatCap direct strict pass
root7-test	FAIL	AssertionException: MatCap projection=0, blend=0, opacity=1, firstDifference=(50,46) current=RGBA(140, 160, 165, 255) frozen=RGBA(139, 160, 165, 255), repeatCrossDifference=1, currentSelfDifference=0, frozenSelfDifference=0
root8-test	FAIL	AssertionException: MatCap projection=0, blend=0, opacity=1, firstDifference=(50,46) current=RGBA(140, 160, 165, 255) frozen=RGBA(139, 160, 165, 255), repeatCrossDifference=1, currentSelfDifference=0, frozenSelfDifference=0
root9-test	FAIL	AssertionException: MatCap projection=0, blend=0, opacity=1, firstDifference=(50,46) current=RGBA(140, 160, 165, 255) frozen=RGBA(139, 160, 165, 255), repeatCrossDifference=1, currentSelfDifference=0, frozenSelfDifference=0
root10-test	FAIL	AssertionException: MatCap projection=0, blend=0, opacity=1, firstDifference=(50,46) current=RGBA(140, 160, 165, 255) frozen=RGBA(139, 160, 165, 255), repeatCrossDifference=1, currentSelfDifference=0, frozenSelfDifference=0
onenone-test	PASS	MatCap direct strict pass
one0-test	PASS	MatCap direct strict pass
one1-test	FAIL	AssertionException: MatCap projection=0, blend=0, opacity=1, firstDifference=(50,46) current=RGBA(140, 160, 165, 255) frozen=RGBA(139, 160, 165, 255), repeatCrossDifference=1, currentSelfDifference=0, frozenSelfDifference=0
one2-test	PASS	MatCap direct strict pass
one3-test	FAIL	AssertionException: MatCap projection=0, blend=0, opacity=1, firstDifference=(50,46) current=RGBA(140, 160, 165, 255) frozen=RGBA(139, 160, 165, 255), repeatCrossDifference=1, currentSelfDifference=0, frozenSelfDifference=0
one4-test	PASS	MatCap direct strict pass
